{
  "train_loss": [
    3.5969573770250594,
    3.595752341406686,
    3.59812525340489,
    3.591588088444301,
    3.596762146268572
  ],
  "val_loss": [
    3.603482246398926,
    3.6031816005706787,
    3.602675437927246,
    3.6019673347473145,
    3.601062536239624
  ],
  "train_acc": [
    0.017857142857142856,
    0.017857142857142856,
    0.017857142857142856,
    0.017857142857142856,
    0.017857142857142856
  ],
  "val_acc": [
    0.0,
    0.0,
    0.0,
    0.0,
    0.0
  ],
  "lr": [
    2.4e-06,
    4.8e-06,
    7.2e-06,
    9.6e-06,
    1.1999999999999999e-05
  ]
}