{
  "train_loss": [
    10.842157745361328,
    10.840117645263671,
    10.85278034210205
  ],
  "val_loss": [
    10.799776077270508,
    10.799503326416016,
    10.799050331115723
  ],
  "train_acc": [
    0.003125,
    0.00625,
    0.003125
  ],
  "val_acc": [
    0.015625,
    0.015625,
    0.015625
  ],
  "lr": [
    3e-06,
    6e-06,
    9e-06
  ]
}